Indicator_Name,Indicator_Code,Country_Name,Country_Code,Year,Values,Num_of_Countries,Num_of_Years,FirstYear,LastYear
Number of under-five deaths,SH.DTH.MORT,Denmark,DNK,1965,1694,239,57,1960,2016
Number of under-five deaths,SH.DTH.MORT,Spain,ESP,1979,10138,239,57,1960,2016
Number of under-five deaths,SH.DTH.MORT,United Kingdom,GBR,2015,3538,239,57,1960,2016
Number of under-five deaths,SH.DTH.MORT,Norway,NOR,1979,541,239,57,1960,2016
Number of under-five deaths,SH.DTH.MORT,Finland,FIN,2001,242,239,57,1960,2016
Number of under-five deaths,SH.DTH.MORT,Germany,DEU,2011,2795,239,57,1960,2016
Number of under-five deaths,SH.DTH.MORT,Finland,FIN,1969,1186,239,57,1960,2016
Number of under-five deaths,SH.DTH.MORT,Norway,NOR,1989,523,239,57,1960,2016
Number of under-five deaths,SH.DTH.MORT,Iceland,ISL,1986,31,239,57,1960,2016
Number of under-five deaths,SH.DTH.MORT,Iceland,ISL,1997,21,239,57,1960,2016
Number of under-five deaths,SH.DTH.MORT,Spain,ESP,1967,20154,239,57,1960,2016
Number of under-five deaths,SH.DTH.MORT,Iceland,ISL,2008,13,239,57,1960,2016
Number of under-five deaths,SH.DTH.MORT,Finland,FIN,1977,660,239,57,1960,2016
Number of under-five deaths,SH.DTH.MORT,Sweden,SWE,1970,1542,239,57,1960,2016
Number of under-five deaths,SH.DTH.MORT,Norway,NOR,2005,231,239,57,1960,2016
Number of under-five deaths,SH.DTH.MORT,Sweden,SWE,1992,721,239,57,1960,2016
Number of under-five deaths,SH.DTH.MORT,Italy,ITA,1976,16931,239,57,1960,2016
Number of under-five deaths,SH.DTH.MORT,Germany,DEU,1981,11485,239,57,1960,2016
Number of under-five deaths,SH.DTH.MORT,Italy,ITA,1969,32756,239,57,1960,2016
Number of under-five deaths,SH.DTH.MORT,Norway,NOR,2007,217,239,57,1960,2016
Number of under-five deaths,SH.DTH.MORT,Iceland,ISL,1987,30,239,57,1960,2016
Number of under-five deaths,SH.DTH.MORT,France,FRA,2009,3372,239,57,1960,2016
Number of under-five deaths,SH.DTH.MORT,Denmark,DNK,2008,274,239,57,1960,2016
Number of under-five deaths,SH.DTH.MORT,Norway,NOR,1960,1425,239,57,1960,2016
Number of under-five deaths,SH.DTH.MORT,Spain,ESP,2013,1555,239,57,1960,2016
Number of under-five deaths,SH.DTH.MORT,Denmark,DNK,1987,540,239,57,1960,2016
Number of under-five deaths,SH.DTH.MORT,Germany,DEU,1998,4415,239,57,1960,2016
Number of under-five deaths,SH.DTH.MORT,Italy,ITA,1968,34194,239,57,1960,2016
Number of under-five deaths,SH.DTH.MORT,Sweden,SWE,1960,2114,239,57,1960,2016
Number of under-five deaths,SH.DTH.MORT,Sweden,SWE,1988,793,239,57,1960,2016
Number of under-five deaths,SH.DTH.MORT,Finland,FIN,1970,1095,239,57,1960,2016
Number of under-five deaths,SH.DTH.MORT,Spain,ESP,2010,1793,239,57,1960,2016
Number of under-five deaths,SH.DTH.MORT,France,FRA,2007,3442,239,57,1960,2016
Number of under-five deaths,SH.DTH.MORT,Germany,DEU,1985,9388,239,57,1960,2016
Number of under-five deaths,SH.DTH.MORT,Spain,ESP,1969,17676,239,57,1960,2016
Number of under-five deaths,SH.DTH.MORT,France,FRA,1997,4252,239,57,1960,2016
Number of under-five deaths,SH.DTH.MORT,Finland,FIN,2015,142,239,57,1960,2016
Number of under-five deaths,SH.DTH.MORT,Denmark,DNK,1999,373,239,57,1960,2016
Number of under-five deaths,SH.DTH.MORT,Spain,ESP,1993,3133,239,57,1960,2016
Number of under-five deaths,SH.DTH.MORT,Spain,ESP,1999,2168,239,57,1960,2016
Number of under-five deaths,SH.DTH.MORT,United Kingdom,GBR,1984,8525,239,57,1960,2016
Number of under-five deaths,SH.DTH.MORT,Iceland,ISL,2009,12,239,57,1960,2016
Number of under-five deaths,SH.DTH.MORT,Denmark,DNK,1995,435,239,57,1960,2016
Number of under-five deaths,SH.DTH.MORT,Norway,NOR,1964,1311,239,57,1960,2016
Number of under-five deaths,SH.DTH.MORT,Iceland,ISL,1960,102,239,57,1960,2016
Number of under-five deaths,SH.DTH.MORT,France,FRA,1982,8683,239,57,1960,2016
Number of under-five deaths,SH.DTH.MORT,Finland,FIN,1967,1391,239,57,1960,2016
Number of under-five deaths,SH.DTH.MORT,Spain,ESP,2004,2172,239,57,1960,2016
Number of under-five deaths,SH.DTH.MORT,Sweden,SWE,1963,2006,239,57,1960,2016
Number of under-five deaths,SH.DTH.MORT,Spain,ESP,2007,2082,239,57,1960,2016
Number of under-five deaths,SH.DTH.MORT,Finland,FIN,1978,625,239,57,1960,2016
Number of under-five deaths,SH.DTH.MORT,Denmark,DNK,1986,528,239,57,1960,2016
Number of under-five deaths,SH.DTH.MORT,Norway,NOR,1965,1277,239,57,1960,2016
Number of under-five deaths,SH.DTH.MORT,Germany,DEU,1994,5428,239,57,1960,2016
Number of under-five deaths,SH.DTH.MORT,Italy,ITA,1994,4361,239,57,1960,2016
Number of under-five deaths,SH.DTH.MORT,Finland,FIN,1987,454,239,57,1960,2016
Number of under-five deaths,SH.DTH.MORT,United Kingdom,GBR,1966,22016,239,57,1960,2016
Number of under-five deaths,SH.DTH.MORT,Sweden,SWE,2000,379,239,57,1960,2016
Number of under-five deaths,SH.DTH.MORT,Spain,ESP,1995,2641,239,57,1960,2016
Number of under-five deaths,SH.DTH.MORT,Norway,NOR,1970,1068,239,57,1960,2016
Number of under-five deaths,SH.DTH.MORT,Denmark,DNK,1964,1774,239,57,1960,2016
Number of under-five deaths,SH.DTH.MORT,Norway,NOR,1972,963,239,57,1960,2016
Number of under-five deaths,SH.DTH.MORT,France,FRA,1969,16262,239,57,1960,2016
Number of under-five deaths,SH.DTH.MORT,Finland,FIN,1993,372,239,57,1960,2016
Number of under-five deaths,SH.DTH.MORT,Italy,ITA,1997,3522,239,57,1960,2016
Number of under-five deaths,SH.DTH.MORT,United Kingdom,GBR,2014,3612,239,57,1960,2016
Number of under-five deaths,SH.DTH.MORT,Iceland,ISL,1979,44,239,57,1960,2016
Number of under-five deaths,SH.DTH.MORT,Germany,DEU,1989,7615,239,57,1960,2016
Number of under-five deaths,SH.DTH.MORT,Denmark,DNK,1962,1888,239,57,1960,2016
Number of under-five deaths,SH.DTH.MORT,Sweden,SWE,1987,778,239,57,1960,2016
Number of under-five deaths,SH.DTH.MORT,Finland,FIN,1992,391,239,57,1960,2016
Number of under-five deaths,SH.DTH.MORT,Germany,DEU,2001,3883,239,57,1960,2016
Number of under-five deaths,SH.DTH.MORT,Denmark,DNK,1966,1607,239,57,1960,2016
Number of under-five deaths,SH.DTH.MORT,Norway,NOR,1974,830,239,57,1960,2016
Number of under-five deaths,SH.DTH.MORT,Norway,NOR,1991,460,239,57,1960,2016
Number of under-five deaths,SH.DTH.MORT,Spain,ESP,1987,4609,239,57,1960,2016
Number of under-five deaths,SH.DTH.MORT,Italy,ITA,1963,42078,239,57,1960,2016
Number of under-five deaths,SH.DTH.MORT,Italy,ITA,2006,2390,239,57,1960,2016
Number of under-five deaths,SH.DTH.MORT,France,FRA,2002,3869,239,57,1960,2016
Number of under-five deaths,SH.DTH.MORT,United Kingdom,GBR,1977,11245,239,57,1960,2016
Number of under-five deaths,SH.DTH.MORT,Denmark,DNK,1980,586,239,57,1960,2016
Number of under-five deaths,SH.DTH.MORT,Germany,DEU,2002,3748,239,57,1960,2016
Number of under-five deaths,SH.DTH.MORT,Finland,FIN,1995,328,239,57,1960,2016
Number of under-five deaths,SH.DTH.MORT,United Kingdom,GBR,1983,8712,239,57,1960,2016
Number of under-five deaths,SH.DTH.MORT,Denmark,DNK,1993,483,239,57,1960,2016
Number of under-five deaths,SH.DTH.MORT,Norway,NOR,1992,424,239,57,1960,2016
Number of under-five deaths,SH.DTH.MORT,France,FRA,1962,21640,239,57,1960,2016
Number of under-five deaths,SH.DTH.MORT,France,FRA,2010,3289,239,57,1960,2016
Number of under-five deaths,SH.DTH.MORT,Iceland,ISL,2010,12,239,57,1960,2016
Number of under-five deaths,SH.DTH.MORT,Norway,NOR,1994,365,239,57,1960,2016
Number of under-five deaths,SH.DTH.MORT,Denmark,DNK,1971,1190,239,57,1960,2016
Number of under-five deaths,SH.DTH.MORT,Italy,ITA,1973,24245,239,57,1960,2016
Number of under-five deaths,SH.DTH.MORT,Iceland,ISL,1964,92,239,57,1960,2016
Number of under-five deaths,SH.DTH.MORT,Norway,NOR,1996,324,239,57,1960,2016
Number of under-five deaths,SH.DTH.MORT,Spain,ESP,1978,11401,239,57,1960,2016
Number of under-five deaths,SH.DTH.MORT,Spain,ESP,2005,2141,239,57,1960,2016
Number of under-five deaths,SH.DTH.MORT,Spain,ESP,1996,2435,239,57,1960,2016
Number of under-five deaths,SH.DTH.MORT,Italy,ITA,1993,4671,239,57,1960,2016
Number of under-five deaths,SH.DTH.MORT,Italy,ITA,1975,19179,239,57,1960,2016
Number of under-five deaths,SH.DTH.MORT,Sweden,SWE,1982,751,239,57,1960,2016
Number of under-five deaths,SH.DTH.MORT,Finland,FIN,2010,177,239,57,1960,2016
Number of under-five deaths,SH.DTH.MORT,Denmark,DNK,2001,355,239,57,1960,2016
Number of under-five deaths,SH.DTH.MORT,United Kingdom,GBR,2001,4455,239,57,1960,2016
Number of under-five deaths,SH.DTH.MORT,Iceland,ISL,1992,27,239,57,1960,2016
Number of under-five deaths,SH.DTH.MORT,Sweden,SWE,2007,348,239,57,1960,2016
Number of under-five deaths,SH.DTH.MORT,Iceland,ISL,2000,17,239,57,1960,2016
Number of under-five deaths,SH.DTH.MORT,Germany,DEU,2013,2764,239,57,1960,2016
Number of under-five deaths,SH.DTH.MORT,Germany,DEU,1973,21537,239,57,1960,2016
Number of under-five deaths,SH.DTH.MORT,Norway,NOR,2015,165,239,57,1960,2016
Number of under-five deaths,SH.DTH.MORT,Denmark,DNK,1985,516,239,57,1960,2016
Number of under-five deaths,SH.DTH.MORT,Germany,DEU,1992,6206,239,57,1960,2016
Number of under-five deaths,SH.DTH.MORT,Germany,DEU,1997,4606,239,57,1960,2016
Number of under-five deaths,SH.DTH.MORT,United Kingdom,GBR,1993,5902,239,57,1960,2016
Number of under-five deaths,SH.DTH.MORT,Finland,FIN,1986,462,239,57,1960,2016
Number of under-five deaths,SH.DTH.MORT,Iceland,ISL,2003,14,239,57,1960,2016
Number of under-five deaths,SH.DTH.MORT,Sweden,SWE,2013,333,239,57,1960,2016
Number of under-five deaths,SH.DTH.MORT,Germany,DEU,1984,9890,239,57,1960,2016
Number of under-five deaths,SH.DTH.MORT,France,FRA,1984,8178,239,57,1960,2016
Number of under-five deaths,SH.DTH.MORT,Iceland,ISL,1971,67,239,57,1960,2016
Number of under-five deaths,SH.DTH.MORT,Spain,ESP,2011,1719,239,57,1960,2016
Number of under-five deaths,SH.DTH.MORT,France,FRA,1979,9602,239,57,1960,2016
Number of under-five deaths,SH.DTH.MORT,Sweden,SWE,2014,336,239,57,1960,2016
Number of under-five deaths,SH.DTH.MORT,Spain,ESP,2002,2166,239,57,1960,2016
Number of under-five deaths,SH.DTH.MORT,Norway,NOR,1971,1018,239,57,1960,2016
Number of under-five deaths,SH.DTH.MORT,Denmark,DNK,2009,265,239,57,1960,2016
Number of under-five deaths,SH.DTH.MORT,Spain,ESP,1983,6505,239,57,1960,2016
Number of under-five deaths,SH.DTH.MORT,Norway,NOR,1967,1198,239,57,1960,2016
Number of under-five deaths,SH.DTH.MORT,Iceland,ISL,1976,53,239,57,1960,2016
Number of under-five deaths,SH.DTH.MORT,Italy,ITA,1966,37119,239,57,1960,2016
Number of under-five deaths,SH.DTH.MORT,Norway,NOR,1998,303,239,57,1960,2016
Number of under-five deaths,SH.DTH.MORT,Finland,FIN,2011,171,239,57,1960,2016
Number of under-five deaths,SH.DTH.MORT,France,FRA,2013,3178,239,57,1960,2016
Number of under-five deaths,SH.DTH.MORT,Germany,DEU,1978,13816,239,57,1960,2016
Number of under-five deaths,SH.DTH.MORT,Italy,ITA,1981,10106,239,57,1960,2016
Number of under-five deaths,SH.DTH.MORT,Germany,DEU,1974,19479,239,57,1960,2016
Number of under-five deaths,SH.DTH.MORT,Sweden,SWE,1986,764,239,57,1960,2016
Number of under-five deaths,SH.DTH.MORT,Norway,NOR,1973,897,239,57,1960,2016
Number of under-five deaths,SH.DTH.MORT,Iceland,ISL,2012,11,239,57,1960,2016
Number of under-five deaths,SH.DTH.MORT,Denmark,DNK,2007,290,239,57,1960,2016
Number of under-five deaths,SH.DTH.MORT,Finland,FIN,1997,287,239,57,1960,2016
Number of under-five deaths,SH.DTH.MORT,Denmark,DNK,1969,1351,239,57,1960,2016
Number of under-five deaths,SH.DTH.MORT,Italy,ITA,1965,38734,239,57,1960,2016
Number of under-five deaths,SH.DTH.MORT,Denmark,DNK,1970,1271,239,57,1960,2016
Number of under-five deaths,SH.DTH.MORT,Finland,FIN,1998,276,239,57,1960,2016
Number of under-five deaths,SH.DTH.MORT,Norway,NOR,2003,252,239,57,1960,2016
Number of under-five deaths,SH.DTH.MORT,Spain,ESP,2001,2145,239,57,1960,2016
Number of under-five deaths,SH.DTH.MORT,Sweden,SWE,2016,344,239,57,1960,2016
Number of under-five deaths,SH.DTH.MORT,Denmark,DNK,1960,1941,239,57,1960,2016
Number of under-five deaths,SH.DTH.MORT,Denmark,DNK,1968,1422,239,57,1960,2016
Number of under-five deaths,SH.DTH.MORT,Denmark,DNK,1973,1008,239,57,1960,2016
Number of under-five deaths,SH.DTH.MORT,United Kingdom,GBR,2005,4274,239,57,1960,2016
Number of under-five deaths,SH.DTH.MORT,Italy,ITA,1998,3296,239,57,1960,2016
Number of under-five deaths,SH.DTH.MORT,Spain,ESP,1965,22427,239,57,1960,2016
Number of under-five deaths,SH.DTH.MORT,Finland,FIN,2003,230,239,57,1960,2016
Number of under-five deaths,SH.DTH.MORT,Iceland,ISL,2002,15,239,57,1960,2016
Number of under-five deaths,SH.DTH.MORT,Finland,FIN,2016,136,239,57,1960,2016
Number of under-five deaths,SH.DTH.MORT,Iceland,ISL,2001,16,239,57,1960,2016
Number of under-five deaths,SH.DTH.MORT,Finland,FIN,1975,747,239,57,1960,2016
Number of under-five deaths,SH.DTH.MORT,Italy,ITA,1986,6625,239,57,1960,2016
Number of under-five deaths,SH.DTH.MORT,United Kingdom,GBR,1982,8897,239,57,1960,2016
Number of under-five deaths,SH.DTH.MORT,Italy,ITA,1980,11084,239,57,1960,2016
Number of under-five deaths,SH.DTH.MORT,United Kingdom,GBR,1989,7683,239,57,1960,2016
Number of under-five deaths,SH.DTH.MORT,United Kingdom,GBR,2003,4368,239,57,1960,2016
Number of under-five deaths,SH.DTH.MORT,France,FRA,1992,5975,239,57,1960,2016
Number of under-five deaths,SH.DTH.MORT,Italy,ITA,2003,2608,239,57,1960,2016
Number of under-five deaths,SH.DTH.MORT,Iceland,ISL,1973,62,239,57,1960,2016
Number of under-five deaths,SH.DTH.MORT,Sweden,SWE,2008,344,239,57,1960,2016
Number of under-five deaths,SH.DTH.MORT,Germany,DEU,1993,5806,239,57,1960,2016
Number of under-five deaths,SH.DTH.MORT,Italy,ITA,1987,6245,239,57,1960,2016
Number of under-five deaths,SH.DTH.MORT,United Kingdom,GBR,2009,4187,239,57,1960,2016
Number of under-five deaths,SH.DTH.MORT,Norway,NOR,2012,180,239,57,1960,2016
Number of under-five deaths,SH.DTH.MORT,Iceland,ISL,2011,11,239,57,1960,2016
Number of under-five deaths,SH.DTH.MORT,Denmark,DNK,1976,779,239,57,1960,2016
Number of under-five deaths,SH.DTH.MORT,France,FRA,2012,3191,239,57,1960,2016
Number of under-five deaths,SH.DTH.MORT,Spain,ESP,1986,4961,239,57,1960,2016
Number of under-five deaths,SH.DTH.MORT,Iceland,ISL,1991,27,239,57,1960,2016
Number of under-five deaths,SH.DTH.MORT,United Kingdom,GBR,2008,4265,239,57,1960,2016
Number of under-five deaths,SH.DTH.MORT,Finland,FIN,2005,220,239,57,1960,2016
Number of under-five deaths,SH.DTH.MORT,Finland,FIN,1971,1011,239,57,1960,2016
Number of under-five deaths,SH.DTH.MORT,Sweden,SWE,1976,1003,239,57,1960,2016
Number of under-five deaths,SH.DTH.MORT,Denmark,DNK,1963,1838,239,57,1960,2016
Number of under-five deaths,SH.DTH.MORT,Spain,ESP,1976,13106,239,57,1960,2016
Number of under-five deaths,SH.DTH.MORT,Sweden,SWE,1998,405,239,57,1960,2016
Number of under-five deaths,SH.DTH.MORT,Sweden,SWE,2001,379,239,57,1960,2016
Number of under-five deaths,SH.DTH.MORT,Denmark,DNK,2003,339,239,57,1960,2016
Number of under-five deaths,SH.DTH.MORT,United Kingdom,GBR,1975,12906,239,57,1960,2016
Number of under-five deaths,SH.DTH.MORT,Norway,NOR,1990,498,239,57,1960,2016
Number of under-five deaths,SH.DTH.MORT,Denmark,DNK,2011,251,239,57,1960,2016
Number of under-five deaths,SH.DTH.MORT,Iceland,ISL,1967,80,239,57,1960,2016
Number of under-five deaths,SH.DTH.MORT,France,FRA,1990,6744,239,57,1960,2016
Number of under-five deaths,SH.DTH.MORT,Norway,NOR,1977,634,239,57,1960,2016
Number of under-five deaths,SH.DTH.MORT,France,FRA,1994,5113,239,57,1960,2016
Number of under-five deaths,SH.DTH.MORT,France,FRA,2016,2986,239,57,1960,2016
Number of under-five deaths,SH.DTH.MORT,Finland,FIN,2012,165,239,57,1960,2016
Number of under-five deaths,SH.DTH.MORT,Iceland,ISL,1983,35,239,57,1960,2016
Number of under-five deaths,SH.DTH.MORT,France,FRA,1993,5500,239,57,1960,2016
Number of under-five deaths,SH.DTH.MORT,Spain,ESP,1972,13606,239,57,1960,2016
Number of under-five deaths,SH.DTH.MORT,United Kingdom,GBR,1970,18285,239,57,1960,2016
Number of under-five deaths,SH.DTH.MORT,Norway,NOR,2004,241,239,57,1960,2016
Number of under-five deaths,SH.DTH.MORT,Denmark,DNK,1967,1508,239,57,1960,2016
Number of under-five deaths,SH.DTH.MORT,Sweden,SWE,2006,361,239,57,1960,2016
Number of under-five deaths,SH.DTH.MORT,Sweden,SWE,1993,655,239,57,1960,2016
Number of under-five deaths,SH.DTH.MORT,Finland,FIN,1994,351,239,57,1960,2016
Number of under-five deaths,SH.DTH.MORT,Denmark,DNK,2014,248,239,57,1960,2016
Number of under-five deaths,SH.DTH.MORT,Italy,ITA,1995,4056,239,57,1960,2016
Number of under-five deaths,SH.DTH.MORT,France,FRA,1975,11936,239,57,1960,2016
Number of under-five deaths,SH.DTH.MORT,Italy,ITA,1982,9204,239,57,1960,2016
Number of under-five deaths,SH.DTH.MORT,Finland,FIN,2006,210,239,57,1960,2016
Number of under-five deaths,SH.DTH.MORT,Iceland,ISL,1968,76,239,57,1960,2016
Number of under-five deaths,SH.DTH.MORT,Norway,NOR,1988,540,239,57,1960,2016
Number of under-five deaths,SH.DTH.MORT,Sweden,SWE,1968,1673,239,57,1960,2016
Number of under-five deaths,SH.DTH.MORT,Iceland,ISL,1996,22,239,57,1960,2016
Number of under-five deaths,SH.DTH.MORT,Sweden,SWE,1985,752,239,57,1960,2016
Number of under-five deaths,SH.DTH.MORT,France,FRA,1960,23521,239,57,1960,2016
Number of under-five deaths,SH.DTH.MORT,Spain,ESP,1975,13286,239,57,1960,2016
Number of under-five deaths,SH.DTH.MORT,Sweden,SWE,1972,1379,239,57,1960,2016
Number of under-five deaths,SH.DTH.MORT,Norway,NOR,1966,1242,239,57,1960,2016
Number of under-five deaths,SH.DTH.MORT,Denmark,DNK,1990,546,239,57,1960,2016
Number of under-five deaths,SH.DTH.MORT,Italy,ITA,2008,2277,239,57,1960,2016
Number of under-five deaths,SH.DTH.MORT,Norway,NOR,1981,500,239,57,1960,2016
Number of under-five deaths,SH.DTH.MORT,Norway,NOR,1984,517,239,57,1960,2016
Number of under-five deaths,SH.DTH.MORT,United Kingdom,GBR,2006,4295,239,57,1960,2016
Number of under-five deaths,SH.DTH.MORT,France,FRA,1996,4456,239,57,1960,2016
Number of under-five deaths,SH.DTH.MORT,United Kingdom,GBR,1990,7228,239,57,1960,2016
Number of under-five deaths,SH.DTH.MORT,Italy,ITA,2010,2179,239,57,1960,2016
Number of under-five deaths,SH.DTH.MORT,Denmark,DNK,2004,325,239,57,1960,2016
Number of under-five deaths,SH.DTH.MORT,Spain,ESP,2000,2130,239,57,1960,2016
Number of under-five deaths,SH.DTH.MORT,United Kingdom,GBR,1960,23885,239,57,1960,2016
Number of under-five deaths,SH.DTH.MORT,Spain,ESP,2012,1637,239,57,1960,2016
Number of under-five deaths,SH.DTH.MORT,France,FRA,1970,15438,239,57,1960,2016
Number of under-five deaths,SH.DTH.MORT,France,FRA,1980,9281,239,57,1960,2016
Number of under-five deaths,SH.DTH.MORT,Norway,NOR,2001,272,239,57,1960,2016
Number of under-five deaths,SH.DTH.MORT,Sweden,SWE,2015,340,239,57,1960,2016
Number of under-five deaths,SH.DTH.MORT,Denmark,DNK,1961,1924,239,57,1960,2016
Number of under-five deaths,SH.DTH.MORT,Finland,FIN,1991,409,239,57,1960,2016
Number of under-five deaths,SH.DTH.MORT,Finland,FIN,1974,804,239,57,1960,2016
Number of under-five deaths,SH.DTH.MORT,Norway,NOR,1961,1390,239,57,1960,2016
Number of under-five deaths,SH.DTH.MORT,France,FRA,1967,17621,239,57,1960,2016
Number of under-five deaths,SH.DTH.MORT,Denmark,DNK,2010,255,239,57,1960,2016
Number of under-five deaths,SH.DTH.MORT,Sweden,SWE,1996,469,239,57,1960,2016
Number of under-five deaths,SH.DTH.MORT,Iceland,ISL,1990,28,239,57,1960,2016
Number of under-five deaths,SH.DTH.MORT,Sweden,SWE,1999,384,239,57,1960,2016
Number of under-five deaths,SH.DTH.MORT,Sweden,SWE,1997,430,239,57,1960,2016
Number of under-five deaths,SH.DTH.MORT,Finland,FIN,1983,490,239,57,1960,2016
Number of under-five deaths,SH.DTH.MORT,Spain,ESP,1990,3750,239,57,1960,2016
Number of under-five deaths,SH.DTH.MORT,Sweden,SWE,1964,1940,239,57,1960,2016
Number of under-five deaths,SH.DTH.MORT,Germany,DEU,1991,6620,239,57,1960,2016
Number of under-five deaths,SH.DTH.MORT,United Kingdom,GBR,1967,21109,239,57,1960,2016
Number of under-five deaths,SH.DTH.MORT,Italy,ITA,2005,2488,239,57,1960,2016
Number of under-five deaths,SH.DTH.MORT,Italy,ITA,1979,12157,239,57,1960,2016
Number of under-five deaths,SH.DTH.MORT,France,FRA,1978,10134,239,57,1960,2016
Number of under-five deaths,SH.DTH.MORT,Denmark,DNK,1982,530,239,57,1960,2016
Number of under-five deaths,SH.DTH.MORT,United Kingdom,GBR,1999,4790,239,57,1960,2016
Number of under-five deaths,SH.DTH.MORT,Germany,DEU,1990,7120,239,57,1960,2016
Number of under-five deaths,SH.DTH.MORT,United Kingdom,GBR,2004,4343,239,57,1960,2016
Number of under-five deaths,SH.DTH.MORT,Spain,ESP,1980,8940,239,57,1960,2016
Number of under-five deaths,SH.DTH.MORT,Germany,DEU,2007,3087,239,57,1960,2016
Number of under-five deaths,SH.DTH.MORT,Iceland,ISL,2015,10,239,57,1960,2016
Number of under-five deaths,SH.DTH.MORT,Iceland,ISL,1966,84,239,57,1960,2016
Number of under-five deaths,SH.DTH.MORT,Norway,NOR,1995,342,239,57,1960,2016
Number of under-five deaths,SH.DTH.MORT,Iceland,ISL,1977,50,239,57,1960,2016
Number of under-five deaths,SH.DTH.MORT,Germany,DEU,2004,3486,239,57,1960,2016
Number of under-five deaths,SH.DTH.MORT,Denmark,DNK,1994,457,239,57,1960,2016
Number of under-five deaths,SH.DTH.MORT,Germany,DEU,2012,2743,239,57,1960,2016
Number of under-five deaths,SH.DTH.MORT,Italy,ITA,1990,5452,239,57,1960,2016
Number of under-five deaths,SH.DTH.MORT,Denmark,DNK,1978,667,239,57,1960,2016
Number of under-five deaths,SH.DTH.MORT,United Kingdom,GBR,1964,23467,239,57,1960,2016
Number of under-five deaths,SH.DTH.MORT,United Kingdom,GBR,1996,5222,239,57,1960,2016
Number of under-five deaths,SH.DTH.MORT,Sweden,SWE,1962,2057,239,57,1960,2016
Number of under-five deaths,SH.DTH.MORT,United Kingdom,GBR,1965,22743,239,57,1960,2016
Number of under-five deaths,SH.DTH.MORT,United Kingdom,GBR,1998,4938,239,57,1960,2016
Number of under-five deaths,SH.DTH.MORT,Spain,ESP,1989,4008,239,57,1960,2016
Number of under-five deaths,SH.DTH.MORT,Sweden,SWE,2004,363,239,57,1960,2016
Number of under-five deaths,SH.DTH.MORT,Finland,FIN,1964,1717,239,57,1960,2016
Number of under-five deaths,SH.DTH.MORT,Italy,ITA,1964,40363,239,57,1960,2016
Number of under-five deaths,SH.DTH.MORT,Spain,ESP,1982,7151,239,57,1960,2016
Number of under-five deaths,SH.DTH.MORT,Finland,FIN,2008,194,239,57,1960,2016
Number of under-five deaths,SH.DTH.MORT,Iceland,ISL,1981,39,239,57,1960,2016
Number of under-five deaths,SH.DTH.MORT,Germany,DEU,1995,5144,239,57,1960,2016
Number of under-five deaths,SH.DTH.MORT,Italy,ITA,2009,2260,239,57,1960,2016
Number of under-five deaths,SH.DTH.MORT,Finland,FIN,1973,858,239,57,1960,2016
Number of under-five deaths,SH.DTH.MORT,Denmark,DNK,2002,346,239,57,1960,2016
Number of under-five deaths,SH.DTH.MORT,France,FRA,2014,3087,239,57,1960,2016
Number of under-five deaths,SH.DTH.MORT,Norway,NOR,1983,506,239,57,1960,2016
Number of under-five deaths,SH.DTH.MORT,Germany,DEU,1996,4872,239,57,1960,2016
Number of under-five deaths,SH.DTH.MORT,United Kingdom,GBR,2000,4578,239,57,1960,2016
Number of under-five deaths,SH.DTH.MORT,Denmark,DNK,2013,244,239,57,1960,2016
Number of under-five deaths,SH.DTH.MORT,United Kingdom,GBR,1986,8381,239,57,1960,2016
Number of under-five deaths,SH.DTH.MORT,Italy,ITA,1991,5189,239,57,1960,2016
Number of under-five deaths,SH.DTH.MORT,Finland,FIN,2000,250,239,57,1960,2016
Number of under-five deaths,SH.DTH.MORT,France,FRA,1964,19969,239,57,1960,2016
Number of under-five deaths,SH.DTH.MORT,France,FRA,1988,7303,239,57,1960,2016
Number of under-five deaths,SH.DTH.MORT,Spain,ESP,2009,1904,239,57,1960,2016
Number of under-five deaths,SH.DTH.MORT,United Kingdom,GBR,2012,3831,239,57,1960,2016
Number of under-five deaths,SH.DTH.MORT,Finland,FIN,1972,929,239,57,1960,2016
Number of under-five deaths,SH.DTH.MORT,France,FRA,1961,22516,239,57,1960,2016
Number of under-five deaths,SH.DTH.MORT,Italy,ITA,1977,15076,239,57,1960,2016
Number of under-five deaths,SH.DTH.MORT,Italy,ITA,1996,3757,239,57,1960,2016
Number of under-five deaths,SH.DTH.MORT,Spain,ESP,1960,30034,239,57,1960,2016
Number of under-five deaths,SH.DTH.MORT,Italy,ITA,2011,2093,239,57,1960,2016
Number of under-five deaths,SH.DTH.MORT,France,FRA,2006,3507,239,57,1960,2016
Number of under-five deaths,SH.DTH.MORT,Finland,FIN,2014,147,239,57,1960,2016
Number of under-five deaths,SH.DTH.MORT,Denmark,DNK,1974,928,239,57,1960,2016
Number of under-five deaths,SH.DTH.MORT,France,FRA,1999,4079,239,57,1960,2016
Number of under-five deaths,SH.DTH.MORT,Denmark,DNK,1975,850,239,57,1960,2016
Number of under-five deaths,SH.DTH.MORT,Italy,ITA,2002,2747,239,57,1960,2016
Number of under-five deaths,SH.DTH.MORT,Finland,FIN,1963,1836,239,57,1960,2016
Number of under-five deaths,SH.DTH.MORT,Italy,ITA,2004,2522,239,57,1960,2016
Number of under-five deaths,SH.DTH.MORT,Spain,ESP,1966,21317,239,57,1960,2016
Number of under-five deaths,SH.DTH.MORT,Italy,ITA,1988,5945,239,57,1960,2016
Number of under-five deaths,SH.DTH.MORT,Finland,FIN,1988,447,239,57,1960,2016
Number of under-five deaths,SH.DTH.MORT,Norway,NOR,2014,169,239,57,1960,2016
Number of under-five deaths,SH.DTH.MORT,Italy,ITA,1974,21651,239,57,1960,2016
Number of under-five deaths,SH.DTH.MORT,Sweden,SWE,1983,740,239,57,1960,2016
Number of under-five deaths,SH.DTH.MORT,Denmark,DNK,1977,723,239,57,1960,2016
Number of under-five deaths,SH.DTH.MORT,Iceland,ISL,1974,60,239,57,1960,2016
Number of under-five deaths,SH.DTH.MORT,Sweden,SWE,1965,1869,239,57,1960,2016
Number of under-five deaths,SH.DTH.MORT,Iceland,ISL,2013,10,239,57,1960,2016
Number of under-five deaths,SH.DTH.MORT,France,FRA,1985,7976,239,57,1960,2016
Number of under-five deaths,SH.DTH.MORT,Italy,ITA,2012,2004,239,57,1960,2016
Number of under-five deaths,SH.DTH.MORT,Norway,NOR,2006,227,239,57,1960,2016
Number of under-five deaths,SH.DTH.MORT,United Kingdom,GBR,1979,10097,239,57,1960,2016
Number of under-five deaths,SH.DTH.MORT,Iceland,ISL,1984,33,239,57,1960,2016
Number of under-five deaths,SH.DTH.MORT,United Kingdom,GBR,1988,8029,239,57,1960,2016
Number of under-five deaths,SH.DTH.MORT,Iceland,ISL,1965,88,239,57,1960,2016
Number of under-five deaths,SH.DTH.MORT,Sweden,SWE,1980,792,239,57,1960,2016
Number of under-five deaths,SH.DTH.MORT,France,FRA,1973,13115,239,57,1960,2016
Number of under-five deaths,SH.DTH.MORT,Italy,ITA,1972,26746,239,57,1960,2016
Number of under-five deaths,SH.DTH.MORT,United Kingdom,GBR,1969,19298,239,57,1960,2016
Number of under-five deaths,SH.DTH.MORT,Norway,NOR,2010,191,239,57,1960,2016
Number of under-five deaths,SH.DTH.MORT,United Kingdom,GBR,1995,5427,239,57,1960,2016
Number of under-five deaths,SH.DTH.MORT,Denmark,DNK,1981,550,239,57,1960,2016
Number of under-five deaths,SH.DTH.MORT,Iceland,ISL,2005,13,239,57,1960,2016
Number of under-five deaths,SH.DTH.MORT,Iceland,ISL,2004,14,239,57,1960,2016
Number of under-five deaths,SH.DTH.MORT,Italy,ITA,2007,2339,239,57,1960,2016
Number of under-five deaths,SH.DTH.MORT,Finland,FIN,1960,2237,239,57,1960,2016
Number of under-five deaths,SH.DTH.MORT,Germany,DEU,1987,8529,239,57,1960,2016
Number of under-five deaths,SH.DTH.MORT,Norway,NOR,2008,207,239,57,1960,2016
Number of under-five deaths,SH.DTH.MORT,Denmark,DNK,1983,515,239,57,1960,2016
Number of under-five deaths,SH.DTH.MORT,Sweden,SWE,2005,362,239,57,1960,2016
Number of under-five deaths,SH.DTH.MORT,Norway,NOR,1963,1340,239,57,1960,2016
Number of under-five deaths,SH.DTH.MORT,United Kingdom,GBR,2013,3684,239,57,1960,2016
Number of under-five deaths,SH.DTH.MORT,Sweden,SWE,2009,340,239,57,1960,2016
Number of under-five deaths,SH.DTH.MORT,Germany,DEU,1975,17689,239,57,1960,2016
Number of under-five deaths,SH.DTH.MORT,Norway,NOR,2002,259,239,57,1960,2016
Number of under-five deaths,SH.DTH.MORT,Iceland,ISL,1978,47,239,57,1960,2016
Number of under-five deaths,SH.DTH.MORT,Sweden,SWE,1978,878,239,57,1960,2016
Number of under-five deaths,SH.DTH.MORT,United Kingdom,GBR,1976,12009,239,57,1960,2016
Number of under-five deaths,SH.DTH.MORT,Finland,FIN,1961,2090,239,57,1960,2016
Number of under-five deaths,SH.DTH.MORT,Iceland,ISL,1999,18,239,57,1960,2016
Number of under-five deaths,SH.DTH.MORT,France,FRA,2001,3914,239,57,1960,2016
Number of under-five deaths,SH.DTH.MORT,Spain,ESP,1997,2319,239,57,1960,2016
Number of under-five deaths,SH.DTH.MORT,Norway,NOR,1982,498,239,57,1960,2016
Number of under-five deaths,SH.DTH.MORT,Iceland,ISL,1998,20,239,57,1960,2016
Number of under-five deaths,SH.DTH.MORT,Italy,ITA,2015,1705,239,57,1960,2016
Number of under-five deaths,SH.DTH.MORT,Spain,ESP,2016,1370,239,57,1960,2016
Number of under-five deaths,SH.DTH.MORT,France,FRA,1977,10653,239,57,1960,2016
Number of under-five deaths,SH.DTH.MORT,France,FRA,1972,13870,239,57,1960,2016
Number of under-five deaths,SH.DTH.MORT,Germany,DEU,1999,4219,239,57,1960,2016
Number of under-five deaths,SH.DTH.MORT,United Kingdom,GBR,1997,5083,239,57,1960,2016
Number of under-five deaths,SH.DTH.MORT,Finland,FIN,1999,260,239,57,1960,2016
Number of under-five deaths,SH.DTH.MORT,Denmark,DNK,1992,505,239,57,1960,2016
Number of under-five deaths,SH.DTH.MORT,Denmark,DNK,2015,254,239,57,1960,2016
Number of under-five deaths,SH.DTH.MORT,Germany,DEU,2015,2747,239,57,1960,2016
Number of under-five deaths,SH.DTH.MORT,Denmark,DNK,1989,554,239,57,1960,2016
Number of under-five deaths,SH.DTH.MORT,Germany,DEU,1977,14894,239,57,1960,2016
Number of under-five deaths,SH.DTH.MORT,Spain,ESP,1998,2218,239,57,1960,2016
Number of under-five deaths,SH.DTH.MORT,Sweden,SWE,1977,938,239,57,1960,2016
Number of under-five deaths,SH.DTH.MORT,Iceland,ISL,2007,13,239,57,1960,2016
Number of under-five deaths,SH.DTH.MORT,Norway,NOR,2013,174,239,57,1960,2016
Number of under-five deaths,SH.DTH.MORT,Sweden,SWE,1971,1469,239,57,1960,2016
Number of under-five deaths,SH.DTH.MORT,Italy,ITA,1971,29026,239,57,1960,2016
Number of under-five deaths,SH.DTH.MORT,France,FRA,1998,4127,239,57,1960,2016
Number of under-five deaths,SH.DTH.MORT,Norway,NOR,1997,311,239,57,1960,2016
Number of under-five deaths,SH.DTH.MORT,Finland,FIN,1980,560,239,57,1960,2016
Number of under-five deaths,SH.DTH.MORT,Spain,ESP,1994,2860,239,57,1960,2016
Number of under-five deaths,SH.DTH.MORT,Spain,ESP,2006,2098,239,57,1960,2016
Number of under-five deaths,SH.DTH.MORT,Germany,DEU,2008,NA,239,57,1960,2016
Number of under-five deaths,SH.DTH.MORT,Finland,FIN,1996,305,239,57,1960,2016
Number of under-five deaths,SH.DTH.MORT,United Kingdom,GBR,1963,23900,239,57,1960,2016
Number of under-five deaths,SH.DTH.MORT,Finland,FIN,1981,530,239,57,1960,2016
Number of under-five deaths,SH.DTH.MORT,Norway,NOR,1969,1118,239,57,1960,2016
Number of under-five deaths,SH.DTH.MORT,Finland,FIN,1962,1959,239,57,1960,2016
Number of under-five deaths,SH.DTH.MORT,France,FRA,2015,2998,239,57,1960,2016
Number of under-five deaths,SH.DTH.MORT,Norway,NOR,1987,545,239,57,1960,2016
Number of under-five deaths,SH.DTH.MORT,Spain,ESP,1988,4290,239,57,1960,2016
Number of under-five deaths,SH.DTH.MORT,United Kingdom,GBR,1961,24075,239,57,1960,2016
Number of under-five deaths,SH.DTH.MORT,Iceland,ISL,1972,65,239,57,1960,2016
Number of under-five deaths,SH.DTH.MORT,Finland,FIN,1976,702,239,57,1960,2016
Number of under-five deaths,SH.DTH.MORT,France,FRA,2004,3620,239,57,1960,2016
Number of under-five deaths,SH.DTH.MORT,France,FRA,1971,14672,239,57,1960,2016
Number of under-five deaths,SH.DTH.MORT,Germany,DEU,2010,2855,239,57,1960,2016
Number of under-five deaths,SH.DTH.MORT,Germany,DEU,1988,8088,239,57,1960,2016
Number of under-five deaths,SH.DTH.MORT,Denmark,DNK,2012,247,239,57,1960,2016
Number of under-five deaths,SH.DTH.MORT,Sweden,SWE,1979,832,239,57,1960,2016
Number of under-five deaths,SH.DTH.MORT,Iceland,ISL,1975,56,239,57,1960,2016
Number of under-five deaths,SH.DTH.MORT,Iceland,ISL,1985,32,239,57,1960,2016
Number of under-five deaths,SH.DTH.MORT,Sweden,SWE,1989,806,239,57,1960,2016
Number of under-five deaths,SH.DTH.MORT,United Kingdom,GBR,1978,10660,239,57,1960,2016
Number of under-five deaths,SH.DTH.MORT,Italy,ITA,1960,45898,239,57,1960,2016
Number of under-five deaths,SH.DTH.MORT,Denmark,DNK,1972,1102,239,57,1960,2016
Number of under-five deaths,SH.DTH.MORT,France,FRA,1991,6392,239,57,1960,2016
Number of under-five deaths,SH.DTH.MORT,Italy,ITA,1985,7161,239,57,1960,2016
Number of under-five deaths,SH.DTH.MORT,Italy,ITA,2000,2980,239,57,1960,2016
Number of under-five deaths,SH.DTH.MORT,Iceland,ISL,1962,99,239,57,1960,2016
Number of under-five deaths,SH.DTH.MORT,Spain,ESP,1984,5855,239,57,1960,2016
Number of under-five deaths,SH.DTH.MORT,Germany,DEU,2016,2702,239,57,1960,2016
Number of under-five deaths,SH.DTH.MORT,Finland,FIN,1984,474,239,57,1960,2016
Number of under-five deaths,SH.DTH.MORT,Spain,ESP,1962,26387,239,57,1960,2016
Number of under-five deaths,SH.DTH.MORT,Finland,FIN,1990,426,239,57,1960,2016
Number of under-five deaths,SH.DTH.MORT,Sweden,SWE,1991,766,239,57,1960,2016
Number of under-five deaths,SH.DTH.MORT,Iceland,ISL,2006,13,239,57,1960,2016
Number of under-five deaths,SH.DTH.MORT,Sweden,SWE,1990,801,239,57,1960,2016
Number of under-five deaths,SH.DTH.MORT,Norway,NOR,1968,1157,239,57,1960,2016
Number of under-five deaths,SH.DTH.MORT,Finland,FIN,1982,511,239,57,1960,2016
Number of under-five deaths,SH.DTH.MORT,Italy,ITA,1970,31064,239,57,1960,2016
Number of under-five deaths,SH.DTH.MORT,Spain,ESP,1963,24886,239,57,1960,2016
Number of under-five deaths,SH.DTH.MORT,Italy,ITA,2016,1633,239,57,1960,2016
Number of under-five deaths,SH.DTH.MORT,Sweden,SWE,1961,2095,239,57,1960,2016
Number of under-five deaths,SH.DTH.MORT,France,FRA,2000,4033,239,57,1960,2016
Number of under-five deaths,SH.DTH.MORT,Sweden,SWE,1975,1081,239,57,1960,2016
Number of under-five deaths,SH.DTH.MORT,United Kingdom,GBR,1972,16073,239,57,1960,2016
Number of under-five deaths,SH.DTH.MORT,Sweden,SWE,2012,341,239,57,1960,2016
Number of under-five deaths,SH.DTH.MORT,Finland,FIN,2013,153,239,57,1960,2016
Number of under-five deaths,SH.DTH.MORT,Italy,ITA,1989,5665,239,57,1960,2016
Number of under-five deaths,SH.DTH.MORT,United Kingdom,GBR,1985,8465,239,57,1960,2016
Number of under-five deaths,SH.DTH.MORT,Iceland,ISL,1994,25,239,57,1960,2016
Number of under-five deaths,SH.DTH.MORT,Italy,ITA,1983,8441,239,57,1960,2016
Number of under-five deaths,SH.DTH.MORT,United Kingdom,GBR,1991,6747,239,57,1960,2016
Number of under-five deaths,SH.DTH.MORT,Finland,FIN,1979,588,239,57,1960,2016
Number of under-five deaths,SH.DTH.MORT,Iceland,ISL,1989,29,239,57,1960,2016
Number of under-five deaths,SH.DTH.MORT,Sweden,SWE,1994,584,239,57,1960,2016
Number of under-five deaths,SH.DTH.MORT,Italy,ITA,1962,43510,239,57,1960,2016
Number of under-five deaths,SH.DTH.MORT,Iceland,ISL,2016,9,239,57,1960,2016
Number of under-five deaths,SH.DTH.MORT,Italy,ITA,2001,2834,239,57,1960,2016
Number of under-five deaths,SH.DTH.MORT,Italy,ITA,1992,4929,239,57,1960,2016
Number of under-five deaths,SH.DTH.MORT,Norway,NOR,1976,696,239,57,1960,2016
Number of under-five deaths,SH.DTH.MORT,Finland,FIN,1989,436,239,57,1960,2016
Number of under-five deaths,SH.DTH.MORT,France,FRA,1989,7025,239,57,1960,2016
Number of under-five deaths,SH.DTH.MORT,United Kingdom,GBR,1981,9235,239,57,1960,2016
Number of under-five deaths,SH.DTH.MORT,France,FRA,2003,3746,239,57,1960,2016
Number of under-five deaths,SH.DTH.MORT,Denmark,DNK,2005,311,239,57,1960,2016
Number of under-five deaths,SH.DTH.MORT,Denmark,DNK,2006,297,239,57,1960,2016
Number of under-five deaths,SH.DTH.MORT,Norway,NOR,1999,294,239,57,1960,2016
Number of under-five deaths,SH.DTH.MORT,Denmark,DNK,1988,549,239,57,1960,2016
Number of under-five deaths,SH.DTH.MORT,Spain,ESP,1991,3557,239,57,1960,2016
Number of under-five deaths,SH.DTH.MORT,Finland,FIN,2004,225,239,57,1960,2016
Number of under-five deaths,SH.DTH.MORT,Iceland,ISL,2014,10,239,57,1960,2016
Number of under-five deaths,SH.DTH.MORT,Sweden,SWE,1995,521,239,57,1960,2016
Number of under-five deaths,SH.DTH.MORT,United Kingdom,GBR,1974,13871,239,57,1960,2016
Number of under-five deaths,SH.DTH.MORT,France,FRA,1995,4742,239,57,1960,2016
Number of under-five deaths,SH.DTH.MORT,France,FRA,1986,7747,239,57,1960,2016
Number of under-five deaths,SH.DTH.MORT,Italy,ITA,1999,3134,239,57,1960,2016
Number of under-five deaths,SH.DTH.MORT,France,FRA,1963,20793,239,57,1960,2016
Number of under-five deaths,SH.DTH.MORT,Norway,NOR,1986,540,239,57,1960,2016
Number of under-five deaths,SH.DTH.MORT,Iceland,ISL,1995,23,239,57,1960,2016
Number of under-five deaths,SH.DTH.MORT,Norway,NOR,2011,185,239,57,1960,2016
Number of under-five deaths,SH.DTH.MORT,Denmark,DNK,1979,619,239,57,1960,2016
Number of under-five deaths,SH.DTH.MORT,United Kingdom,GBR,2002,4359,239,57,1960,2016
Number of under-five deaths,SH.DTH.MORT,Iceland,ISL,1970,70,239,57,1960,2016
Number of under-five deaths,SH.DTH.MORT,Sweden,SWE,1974,1172,239,57,1960,2016
Number of under-five deaths,SH.DTH.MORT,United Kingdom,GBR,1968,20256,239,57,1960,2016
Number of under-five deaths,SH.DTH.MORT,France,FRA,1983,8436,239,57,1960,2016
Number of under-five deaths,SH.DTH.MORT,Denmark,DNK,1984,516,239,57,1960,2016
Number of under-five deaths,SH.DTH.MORT,Norway,NOR,1975,762,239,57,1960,2016
Number of under-five deaths,SH.DTH.MORT,France,FRA,1974,12493,239,57,1960,2016
Number of under-five deaths,SH.DTH.MORT,United Kingdom,GBR,2011,3966,239,57,1960,2016
Number of under-five deaths,SH.DTH.MORT,Spain,ESP,1971,14818,239,57,1960,2016
Number of under-five deaths,SH.DTH.MORT,France,FRA,1976,11312,239,57,1960,2016
Number of under-five deaths,SH.DTH.MORT,Spain,ESP,1961,28089,239,57,1960,2016
Number of under-five deaths,SH.DTH.MORT,Finland,FIN,1965,1603,239,57,1960,2016
Number of under-five deaths,SH.DTH.MORT,Sweden,SWE,2002,374,239,57,1960,2016
Number of under-five deaths,SH.DTH.MORT,Iceland,ISL,1980,41,239,57,1960,2016
Number of under-five deaths,SH.DTH.MORT,Germany,DEU,1986,9021,239,57,1960,2016
Number of under-five deaths,SH.DTH.MORT,Germany,DEU,2009,2922,239,57,1960,2016
Number of under-five deaths,SH.DTH.MORT,United Kingdom,GBR,1971,17246,239,57,1960,2016
Number of under-five deaths,SH.DTH.MORT,Italy,ITA,1978,13458,239,57,1960,2016
Number of under-five deaths,SH.DTH.MORT,Germany,DEU,2005,3293,239,57,1960,2016
Number of under-five deaths,SH.DTH.MORT,Spain,ESP,2014,1475,239,57,1960,2016
Number of under-five deaths,SH.DTH.MORT,Germany,DEU,1976,16132,239,57,1960,2016
Number of under-five deaths,SH.DTH.MORT,France,FRA,1965,19085,239,57,1960,2016
Number of under-five deaths,SH.DTH.MORT,Spain,ESP,1985,5362,239,57,1960,2016
Number of under-five deaths,SH.DTH.MORT,Norway,NOR,2000,286,239,57,1960,2016
Number of under-five deaths,SH.DTH.MORT,Finland,FIN,1968,1289,239,57,1960,2016
Number of under-five deaths,SH.DTH.MORT,France,FRA,2008,3371,239,57,1960,2016
Number of under-five deaths,SH.DTH.MORT,Finland,FIN,2009,189,239,57,1960,2016
Number of under-five deaths,SH.DTH.MORT,Sweden,SWE,1984,744,239,57,1960,2016
Number of under-five deaths,SH.DTH.MORT,Italy,ITA,2014,1834,239,57,1960,2016
Number of under-five deaths,SH.DTH.MORT,Germany,DEU,2006,3185,239,57,1960,2016
Number of under-five deaths,SH.DTH.MORT,Sweden,SWE,1966,1791,239,57,1960,2016
Number of under-five deaths,SH.DTH.MORT,Denmark,DNK,1997,403,239,57,1960,2016
Number of under-five deaths,SH.DTH.MORT,Germany,DEU,2000,4093,239,57,1960,2016
Number of under-five deaths,SH.DTH.MORT,United Kingdom,GBR,1992,6328,239,57,1960,2016
Number of under-five deaths,SH.DTH.MORT,Germany,DEU,2003,3614,239,57,1960,2016
Number of under-five deaths,SH.DTH.MORT,Sweden,SWE,2003,372,239,57,1960,2016
Number of under-five deaths,SH.DTH.MORT,Iceland,ISL,1969,73,239,57,1960,2016
Number of under-five deaths,SH.DTH.MORT,Italy,ITA,2013,1917,239,57,1960,2016
Number of under-five deaths,SH.DTH.MORT,Spain,ESP,2015,1441,239,57,1960,2016
Number of under-five deaths,SH.DTH.MORT,Spain,ESP,1974,13055,239,57,1960,2016
Number of under-five deaths,SH.DTH.MORT,United Kingdom,GBR,1987,8260,239,57,1960,2016
Number of under-five deaths,SH.DTH.MORT,United Kingdom,GBR,1980,9605,239,57,1960,2016
Number of under-five deaths,SH.DTH.MORT,Italy,ITA,1984,7741,239,57,1960,2016
Number of under-five deaths,SH.DTH.MORT,Norway,NOR,1980,515,239,57,1960,2016
Number of under-five deaths,SH.DTH.MORT,Finland,FIN,2002,235,239,57,1960,2016
Number of under-five deaths,SH.DTH.MORT,Norway,NOR,2009,202,239,57,1960,2016
Number of under-five deaths,SH.DTH.MORT,Iceland,ISL,1982,37,239,57,1960,2016
Number of under-five deaths,SH.DTH.MORT,Denmark,DNK,2000,363,239,57,1960,2016
Number of under-five deaths,SH.DTH.MORT,Italy,ITA,1967,35656,239,57,1960,2016
Number of under-five deaths,SH.DTH.MORT,Spain,ESP,2008,2001,239,57,1960,2016
Number of under-five deaths,SH.DTH.MORT,Iceland,ISL,1963,96,239,57,1960,2016
Number of under-five deaths,SH.DTH.MORT,Spain,ESP,1968,18941,239,57,1960,2016
Number of under-five deaths,SH.DTH.MORT,Denmark,DNK,1998,388,239,57,1960,2016
Number of under-five deaths,SH.DTH.MORT,Germany,DEU,1982,10843,239,57,1960,2016
Number of under-five deaths,SH.DTH.MORT,Denmark,DNK,2016,261,239,57,1960,2016
Number of under-five deaths,SH.DTH.MORT,United Kingdom,GBR,2016,3462,239,57,1960,2016
Number of under-five deaths,SH.DTH.MORT,Italy,ITA,1961,44794,239,57,1960,2016
Number of under-five deaths,SH.DTH.MORT,France,FRA,1987,7495,239,57,1960,2016
Number of under-five deaths,SH.DTH.MORT,Iceland,ISL,1961,101,239,57,1960,2016
Number of under-five deaths,SH.DTH.MORT,Spain,ESP,2003,2147,239,57,1960,2016
Number of under-five deaths,SH.DTH.MORT,United Kingdom,GBR,2007,4320,239,57,1960,2016
Number of under-five deaths,SH.DTH.MORT,Spain,ESP,1992,3337,239,57,1960,2016
Number of under-five deaths,SH.DTH.MORT,Sweden,SWE,1967,1729,239,57,1960,2016
Number of under-five deaths,SH.DTH.MORT,Sweden,SWE,1973,1276,239,57,1960,2016
Number of under-five deaths,SH.DTH.MORT,Spain,ESP,1973,13044,239,57,1960,2016
Number of under-five deaths,SH.DTH.MORT,France,FRA,1981,8932,239,57,1960,2016
Number of under-five deaths,SH.DTH.MORT,Spain,ESP,1964,23602,239,57,1960,2016
Number of under-five deaths,SH.DTH.MORT,Norway,NOR,2016,161,239,57,1960,2016
Number of under-five deaths,SH.DTH.MORT,France,FRA,2005,3566,239,57,1960,2016
Number of under-five deaths,SH.DTH.MORT,Sweden,SWE,1969,1611,239,57,1960,2016
Number of under-five deaths,SH.DTH.MORT,United Kingdom,GBR,1994,5627,239,57,1960,2016
Number of under-five deaths,SH.DTH.MORT,Denmark,DNK,1991,524,239,57,1960,2016
Number of under-five deaths,SH.DTH.MORT,Norway,NOR,1993,392,239,57,1960,2016
Number of under-five deaths,SH.DTH.MORT,Norway,NOR,1978,583,239,57,1960,2016
Number of under-five deaths,SH.DTH.MORT,United Kingdom,GBR,1973,14961,239,57,1960,2016
Number of under-five deaths,SH.DTH.MORT,France,FRA,1966,18324,239,57,1960,2016
Number of under-five deaths,SH.DTH.MORT,Norway,NOR,1985,530,239,57,1960,2016
Number of under-five deaths,SH.DTH.MORT,Denmark,DNK,1996,416,239,57,1960,2016
Number of under-five deaths,SH.DTH.MORT,France,FRA,2011,3281,239,57,1960,2016
Number of under-five deaths,SH.DTH.MORT,Spain,ESP,1981,7942,239,57,1960,2016
Number of under-five deaths,SH.DTH.MORT,Norway,NOR,1962,1364,239,57,1960,2016
Number of under-five deaths,SH.DTH.MORT,Germany,DEU,1980,12142,239,57,1960,2016
Number of under-five deaths,SH.DTH.MORT,United Kingdom,GBR,1962,24154,239,57,1960,2016
Number of under-five deaths,SH.DTH.MORT,Finland,FIN,1966,1499,239,57,1960,2016
Number of under-five deaths,SH.DTH.MORT,Germany,DEU,2014,2720,239,57,1960,2016
Number of under-five deaths,SH.DTH.MORT,Iceland,ISL,1988,29,239,57,1960,2016
Number of under-five deaths,SH.DTH.MORT,United Kingdom,GBR,2010,4087,239,57,1960,2016
Number of under-five deaths,SH.DTH.MORT,Spain,ESP,1970,16283,239,57,1960,2016
Number of under-five deaths,SH.DTH.MORT,Sweden,SWE,2011,337,239,57,1960,2016
Number of under-five deaths,SH.DTH.MORT,Sweden,SWE,2010,333,239,57,1960,2016
Number of under-five deaths,SH.DTH.MORT,Finland,FIN,1985,465,239,57,1960,2016
Number of under-five deaths,SH.DTH.MORT,Iceland,ISL,1993,26,239,57,1960,2016
Number of under-five deaths,SH.DTH.MORT,Spain,ESP,1977,12513,239,57,1960,2016
Number of under-five deaths,SH.DTH.MORT,Germany,DEU,1983,10370,239,57,1960,2016
Number of under-five deaths,SH.DTH.MORT,France,FRA,1968,16988,239,57,1960,2016
Number of under-five deaths,SH.DTH.MORT,Sweden,SWE,1981,768,239,57,1960,2016
Number of under-five deaths,SH.DTH.MORT,Germany,DEU,1979,12911,239,57,1960,2016
Number of under-five deaths,SH.DTH.MORT,Finland,FIN,2007,205,239,57,1960,2016
